doi,title,published_according_to_user_spreadsheet
10.1101/2020.05.26.20114124,Seroprevalence of SARS-CoV-2 among children visiting a hospital during the initial Seattle outbreak,FALSE
10.1101/2020.08.04.20167932,Viral cultures for COVID-19 infectivity assessment -a systematic review In: Analysis of the Transmission Dynamics of COVID-19: An Open Evidence Review,FALSE
10.1101/2020.05.10.20097543,Estimating the extent of true asymptomatic COVID-19 and its potential for community transmission: systematic review and meta-analysis,FALSE
10.1101/2020.04.22.20073551,"Relative disease burdens of COVID-19 and seasonal influenza in New York City, February 1 - April 18, 2020.",FALSE
10.1101/2020.08.07.20161737,"LamPORE: rapid, accurate and highly scalable molecular screening for SARS-CoV-2 infection, based on nanopore sequencing",FALSE
10.1101/2020.06.25.20140178,SARS-CoV-2 infection in primary schools in northern France: A retrospective cohort study in an area of high transmission Authors,FALSE
10.1101/2020.04.16.20066787,FALSE-NEGATIVE RESULTS OF INITIAL RT-PCR ASSAYS FOR COVID-19: A SYSTEMATIC REVIEW,FALSE
10.1101/2020.03.04.20031112,Projecting the transmission dynamics of SARS-CoV-2 through the post-pandemic period,TRUE
10.1101/2020.06.09.20116806,Pre exposure Hydroxychloroquine use is associated with reduced COVID19 risk in healthcare workers,FALSE
10.1101/2020.04.01.20049528,Facemasks and similar barriers to prevent respiratory illness such as COVID-19: A rapid systematic review,FALSE
10.1101/2020.05.08.20094870,Estimating pre-symptomatic transmission of COVID-19: a secondary analysis using published data,FALSE
10.1101/2020.05.20.20108415,Underreporting of death by COVID-19 in Brazil's second most populous state,FALSE
10.1101/2020.04.14.20062463,"COVID-19 Antibody Seroprevalence in Santa Clara County, California",FALSE
10.1101/2020.04.16.20062141,The estimated impact of non-pharmaceutical interventions on documented cases of COVID-19: A cross-country analysis,FALSE
10.1101/2020.04.28.20083675,BRAZIL IS PROJECTED TO BE THE NEXT GLOBAL COVID-19 PANDEMIC EPICENTER,FALSE
10.1101/2020.05.04.20089995,Evidence of a significant secretory-IgA-dominant SARS-CoV-2 immune response in human milk following recovery from COVID-19,TRUE
10.1101/2020.07.20.20155945,"Seroprevalence of SARS-CoV-2 IgG Antibodies in Utsunomiya City, Greater Tokyo, after first pandemic in 2020 (U-CORONA): a household-and population-based study",FALSE
10.1101/2020.05.18.20105197,SARS-CoV-2 seroconversion in health care workers,FALSE
10.1101/2020.06.07.20124636,! ! ! Dynamics!of!IgG!seroconversion!and!pathophysiology!of! COVID:19!infections!,FALSE
10.1101/2020.07.29.20162917,Evidence favouring the efficacy of convalescent plasma for COVID-19 therapy,FALSE
10.1101/2020.06.21.20132449,Intrafamilial Exposure to SARS-CoV-2 Induces Cellular Immune Response without Seroconversion,FALSE
10.1101/2020.07.13.20153148,"Low SARS-CoV-2 sero-prevalence based on anonymized residual sero-survey before and after first wave measures in British Columbia, Canada, March-May 2020",FALSE
10.1101/2020.08.09.20171223,Markedly heterogeneous COVID-19 testing plans among US colleges and universities,FALSE
10.1101/2020.06.06.20124446,"Estimated Average Probabilities of COVID-19 Infection, Hospitalization, and Death From Community Contact in the United States",FALSE
10.1101/2020.06.08.20124834,Genomic epidemiology of SARS-CoV-2 spread in Scotland highlights the role of European travel in COVID-19 emergence,FALSE
10.1101/2020.05.08.20095893,Association of Vitamin D Deficiency and Treatment with COVID-19 Incidence,FALSE
10.1101/2020.02.11.20021493,Evaluating the accuracy of different respiratory specimens in the laboratory diagnosis and monitoring the viral shedding of 2019-nCoV infections,FALSE
10.1101/2020.04.11.20062133,Intervention strategies against COVID-19 and their estimated impact on Swedish healthcare capacity,FALSE
10.1101/2020.07.13.20041632,The Infectious Nature of Patient-Generated SARS-CoV-2 Aerosol,FALSE
10.1101/2020.08.18.20172874,"The Prognostic Value of Eosinophil Recovery in COVID-19: A Multicentre, Retrospective Cohort Study on Patients Hospitalised in Spanish Hospitals",FALSE
10.1101/2020.04.19.20054262,Pulmonary post-mortem findings in a large series of COVID-19 cases from Northern Italy,TRUE
10.1101/2020.06.08.20120584,SARS-CoV-2 virus and antibodies in front-line Health Care Workers in an acute hospital in London: preliminary results from a longitudinal study,FALSE
10.1101/2020.06.19.20135095,Observational Study of Metformin and Risk of Mortality in Persons Hospitalized with Covid-19,FALSE
10.1101/2020.05.01.20079376,Vitamin D deficiency as risk factor for severe COVID-19: a convergence of two pandemics,FALSE
10.1101/2020.04.27.20082362,Performance Characteristics of the Abbott Architect SARS-CoV-2 IgG Assay and Seroprevalence Testing in Idaho,TRUE
10.1101/2020.07.15.20151852,"Effect of Hydroxychloroquine in Hospitalized Patients with COVID-19: Preliminary results from a multi-centre, randomized, controlled trial",FALSE
10.1101/2020.07.29.20162701,Estimates of the rate of infection and asymptomatic COVID-19 disease in a population sample from SE England,TRUE
10.1101/2020.05.13.20101253,The infection fatality rate of COVID-19 inferred from seroprevalence data,FALSE
10.1101/2020.03.05.20031815,Estimating the generation interval for COVID-19 based on symptom onset data,FALSE
10.1101/2020.08.24.20180661,FLOW CYTOMETRY MULTIPLEXED METHOD FOR THE DETECTION OF NEUTRALIZING HUMAN ANTIBODIES TO THE NATIVE SARS-CoV-2 SPIKE PROTEIN,FALSE
10.1101/2020.07.23.20160820,"Clinical Impact, Costs, and Cost-Effectiveness of Expanded SARS-CoV-2 Testing in Massachusetts",FALSE
10.1101/2020.05.05.20092106,Impact of small-area lockdowns for the control of the COVID-19 pandemic,FALSE
10.1101/2020.05.01.20087965,Evidence Supports a Causal Model for Vitamin D in COVID-19 Outcomes,FALSE
10.1101/2020.03.03.20029843,Effect of non-pharmaceutical interventions for containing the COVID-19 outbreak: an observational and modelling study,FALSE
10.1101/2020.07.18.20155374,Dynamics and significance of the antibody response to SARS-CoV-2 infection,FALSE
10.1101/2020.05.31.20115154,Exhaled breath is a significant source of SARS-CoV-2 emission,FALSE
10.1101/2020.08.01.20166553,Evidence for sustained mucosal and systemic antibody responses to SARS-CoV-2 antigens in COVID-19 patients,FALSE
10.1101/2020.08.16.20035691,Full Title: COVID-19 ICU and mechanical ventilation patient characteristics and outcomes -A systematic review and meta-analysis Short Title: COVID-19 ICU and mechanical ventilation characteristics and outcomes,TRUE
10.1101/2020.08.11.20171843,Functional SARS-CoV-2-specific immune memory persists after mild COVID-19,FALSE
10.1101/2020.06.22.20136309,Surveillance testing of SARS-CoV-2,FALSE
10.1101/2020.07.15.20154112,Seroprevalence of SARS-CoV-2 antibodies in an entirely PCRsampled and quarantined community after a COVID-19 outbreak -the CoNAN study,FALSE
10.1101/2020.07.07.20148395,Disease severity-specific neutrophil signatures in blood transcriptomes stratify COVID-19 patients,FALSE
10.1101/2020.06.10.20127621,Ethnicity and outcomes in patients hospitalised with COVID-19 infection in East London: an observational cohort study,FALSE
10.1101/2020.06.24.20138768,Randomized Re-Opening of Training Facilities during the COVID-19 pandemic The TRAiN study group,FALSE
10.1101/2020.08.16.20175752,Hydroxychloroquine Safety Outcome within Approved Therapeutic Protocol for Covid-19 Outpatients in Saudi Arabia,FALSE
10.1101/2020.07.10.20150524,Community prevalence of SARS-CoV-2 virus in England during May 2020: REACT study,FALSE
10.1101/2020.06.10.20127514,Low rate of daily smokers in patients with symptomatic COVID-19,FALSE
10.1101/2020.04.30.20085613,Humoral immune response and prolonged PCR positivity in a cohort of 1343 SARS-CoV 2 patients in the New York City region,TRUE
10.1101/2020.04.01.20050542,Using ILI surveillance to estimate state-specific case detection rates and forecast SARS-CoV-2 spread in the United States,FALSE
10.1101/2020.02.12.20022327,Clinical diagnosis of 8274 samples with 2019-novel coronavirus in Wuhan,FALSE
10.1101/2020.05.02.20080036,Hydroxychloroquine and azithromycin plus zinc vs hydroxychloroquine and azithromycin alone: outcomes in hospitalized COVID-19 patients,TRUE
10.1101/2020.05.10.20096909,EXCESS MORTALITY FROM COVID-19. WEEKLY EXCESS DEATH RATES BY AGE AND SEX FOR SWEDEN,FALSE
10.1101/2020.08.03.20165233,Simply saliva: stability of SARS-CoV-2 detection negates the need for expensive collection devices,FALSE
10.1101/2020.08.11.20145086,Face Coverings and Respiratory Tract Droplet Dispersion,FALSE
10.1101/2020.05.22.20109793,Changes in premature birth rates during the Danish nationwide COVID-19 lockdown: a nationwide register-based prevalence proportion study,TRUE
10.1101/2020.07.16.20155119,Aerosol filtering efficiency of respiratory face masks used during the COVID-19 pandemic,FALSE
10.1101/2020.08.14.20158535,Impact of contact tracing on COVID-19 mortality: An impact evaluation using surveillance data from Colombia,FALSE
10.1101/2020.03.12.20034660,Impact assessment of non-pharmaceutical interventions against COVID-19 and influenza in Hong Kong: an observational study,TRUE
10.1101/2020.04.01.20050039,Perceptions and behavioural responses of the general public during the COVID-19 pandemic: A cross-sectional survey of UK Adults,FALSE
10.1101/2020.08.06.20169573,"Beneficial effects of colchicine for moderate to severe COVID-19: an interim analysis of a randomized, double-blinded, placebo controlled clinical trial",FALSE
10.1101/2020.05.15.20103531,IL6 inhibition in critically ill COVID-19 patients is associated with increased secondary infections,FALSE
10.1101/2020.06.16.20132597,"Hydroxychloroquine with or without azithromycin and in-hospital mortality or discharge in patients hospitalized for COVID-19 infection: a cohort study of 4,642 in-patients in France",FALSE
10.1101/2020.02.07.20021154,"The Novel Coronavirus, 2019-nCoV, is Highly Contagious and More Infectious Than Initially Estimated",TRUE
10.1101/2020.06.08.20125484,An analysis of SARS-CoV-2 viral load by patient age,FALSE
10.1101/2020.04.22.20072124,"Self-reported symptoms of covid-19 including symptoms most predictive of SARS-CoV-2 infection, are heritable",FALSE
10.1101/2020.05.24.20111823,"Characteristics and predictors of hospitalization and death in the first 9,519 cases with a positive RT-PCR test for SARS-CoV-2 in Denmark: A nationwide cohort",FALSE
10.1101/2020.07.17.20155960,Observational Study of the Efficiency of Treatments in Patients Hospitalized with Covid-19 in Madrid,FALSE
10.1101/2020.03.25.20043679,Epidemiological Tools that Predict Partial Herd Immunity to SARS Coronavirus 2,FALSE
10.1101/2020.04.05.20051540,SARS-CoV-2 titers in wastewater are higher than expected from clinically confirmed cases,TRUE
10.1101/2020.04.24.20075838,Vitamin D insufficiency is prevalent in severe COVID-19,TRUE
10.1101/2020.05.04.20086322,Determinants of Severity in Cancer Patients with COVID-19 Illness,TRUE
10.1101/2020.02.12.20022467,The role of absolute humidity on transmission rates of the COVID-19 outbreak,FALSE
10.1101/2020.07.16.20155747,Barriers to online learning in the time of COVID-19: A national survey of medical students in the Philippines,FALSE
10.1101/2020.03.24.20042937,Correlation between universal BCG vaccination policy and reduced morbidity and mortality for COVID-19: an epidemiological study,TRUE
10.1101/2020.08.05.20168930,Genomic epidemiology reveals transmission patterns and dynamics of SARS-CoV-2 in Aotearoa New Zealand,FALSE
10.1101/2020.06.23.20137596,Platelets can contain SARS-CoV-2 RNA and are hyperactivated in COVID-19,TRUE
10.1101/2020.05.01.20086801,Efficient prevalence estimation and infected sample identification with group testing for SARS-CoV-2,FALSE
10.1101/2020.05.19.20105999,SARS-CoV-2 RNA concentrations in primary municipal sewage sludge as a leading indicator of COVID-19 outbreak dynamics,FALSE
10.1101/2020.04.03.20052084,Quantifying the effect of quarantine control in Covid-19 infectious spread using machine learning,FALSE
10.1101/2020.07.09.20149351,Repeat SARS-CoV-2 Testing Models for Residential College Populations,TRUE
10.1101/2020.05.02.20084673,Disruption of the CCL5/RANTES-CCR5 Pathway Restores Immune Homeostasis and Reduces Plasma Viral Load in Critical COVID-19,FALSE
10.1101/2020.04.26.20079244,"Seroprevalence of COVID-19 virus infection in Guilan province, Iran",FALSE
10.1101/2020.05.26.20113787,COVID-Net: A deep learning based and interpretable predication model for the county-wise trajectories of COVID-19 in the United States,FALSE
10.1101/2020.06.19.20136093,Efficacy and safety of chloroquine or hydroxychloroquine in moderate type of COVID-19: a prospective open-label randomized controlled study,FALSE
10.1101/2020.07.21.20159178,SARS-CoV-2 infection induces sustained humoral immune responses in convalescent patients following symptomatic COVID-19,TRUE
10.1101/2020.03.09.20032896,First 12 patients with coronavirus disease 2019 (COVID-19) in the United States,FALSE
10.1101/2020.06.23.20138289,Longitudinal immunological analyses reveal inflammatory misfiring in severe COVID-19 patients,TRUE
10.1101/2020.08.10.20172288,Effectiveness of booster BCG vaccination in preventing Covid-19 infection,FALSE
10.1101/2020.07.20.20157651,A Cluster-Randomized Trial of Hydroxychloroquine as Prevention of Covid-19 Transmission and Disease,FALSE
10.1101/2020.07.16.20150250,A community-deployable SARS-CoV-2 screening test using raw saliva with 45 minutes sample-to-results turnaround,FALSE
10.1101/2020.04.15.20066050,"Basic estimation-prediction techniques for Covid-19, and a prediction for Stockholm",FALSE
10.1101/2020.06.20.20130476,"Characterizing super-spreading events and age-specific infectivity of COVID-19 transmission in Georgia, USA",TRUE
10.1101/2020.05.11.20098780,Estimating the Global Infection Fatality Rate of COVID-19,FALSE
10.1101/2020.05.06.20092841,"Modeling the impact of social distancing, testing, contact tracing and household quarantine on second-wave scenarios of the COVID-19 epidemic",FALSE
10.1101/2020.08.21.20178574,SARS-CoV-2 infection and transmission in educational settings: cross-sectional analysis of clusters and outbreaks in England,FALSE
10.1101/2020.07.28.20164004,SARS-CoV-2 detection with de novo designed synthetic riboregulators,FALSE
10.1101/2020.07.13.20153049,Mechanistic Transmission Modeling of COVID-19 on the Diamond Princess Cruise Ship Demonstrates the Importance of Aerosol Transmission,FALSE
10.1101/2020.05.28.20114835,Viral Dynamics Matter in COVID-19 Pneumonia: the success of early treatment with hydroxychloroquine and azithromycin in Lebanon.,FALSE
10.1101/2020.05.10.20097394,"Outbreak of Kawasaki disease in children during COVID-19 pandemic: a prospective observational study in Paris, France",TRUE
10.1101/2020.07.08.20148775,"Air recirculation role in the infection with COVID-19, lessons learned from Diamond Princess cruise ship",FALSE
10.1101/2020.07.15.20154518,Viral load of SARS-CoV-2 across patients and compared to other respiratory viruses,TRUE
10.1101/2020.06.26.20141085,"Identification of SARS-CoV-2 RNA in Healthcare Heating, Ventilation, and Air Conditioning Units",FALSE
10.1101/2020.05.21.20109389,COVID-19 Confirmed Case Incidence Age Shift to Young Persons Age 0-19 and 20-39 Years Over Time: Washington State March -April 2020,FALSE
10.1101/2020.08.12.20169359,Effect of Convalescent Plasma on Mortality among Hospitalized Patients with COVID-19: Initial Three-Month Experience,FALSE
10.1101/2020.04.12.20062679,Time course quantitative detection of SARS-CoV-2 in Parisian wastewaters correlates with COVID-19 confirmed cases,FALSE
10.1101/2020.02.10.20021675,Epidemiological and clinical features of the 2019 novel coronavirus outbreak in China,FALSE
10.1101/2020.02.12.20022418,ACE2 Expression in Kidney and Testis May Cause Kidney and Testis Damage After 2019-nCoV Infection,FALSE
10.1101/2020.06.01.20100461,"Determining the optimal strategy for reopening schools, work and society in the UK: balancing earlier opening and the impact of test and trace strategies with the risk of occurrence of a secondary COVID-19 pandemic wave",TRUE
10.1101/2020.08.19.20177188,Transmission dynamics of COVID-19 in household and community settings in the United Kingdom,FALSE
10.1101/2020.04.14.20060160,Patient-derived mutations impact pathogenicity of SARS-CoV-2,FALSE
10.1101/2020.07.13.20152819,Work-related and Personal Predictors of COVID-19 Transmission,FALSE
10.1101/2020.04.27.20081893,Individual variation in susceptibility or exposure to SARS-CoV-2 lowers the herd immunity threshold,FALSE
10.1101/2020.04.25.20079103,The role of asymptomatic SARS-CoV-2 infections: rapid living systematic review and meta-analysis,FALSE
10.1101/2020.07.14.20151126,"SARS-CoV-2 infection induces robust, neutralizing antibody responses that are stable for at least three months",TRUE
10.1101/2020.02.28.20029272,Closed environments facilitate secondary transmission of coronavirus disease 2019,FALSE
10.1101/2020.06.26.20140731,"SARS-CoV-2 in human sewage in Santa Catalina, Brazil, November 2019",FALSE
10.1101/2020.04.24.20078717,Full lockdown policies in Western Europe countries have no evident impacts on the COVID-19 epidemic,FALSE
10.1101/2020.07.31.20161216,"Immunogenicity and Safety of a SARS-CoV-2 Inactivated Vaccine in Healthy Adults Aged 18-59 years: Report of the Randomized, Double-blind, and Placebo-controlled Phase 2 Clinical Trial",FALSE
10.1101/2020.08.07.20170555,Compound risks of hurricane evacuation amid the COVID-19 pandemic in the United States,FALSE
10.1101/2020.04.26.20079822,"Seroprevalence of novel coronavirus disease (COVID-19) in Kobe, Japan",FALSE
10.1101/2020.07.11.20147157,Effects of environmental factors on severity and mortality of COVID-19,FALSE
10.1101/2020.05.11.20086439,Human coronavirus reinfection dynamics: lessons for SARS-CoV-2,TRUE
10.1101/2020.07.14.20153320,Clinical characteristics of children and young people hospitalised with covid-19 in the United Kingdom: prospective multicentre observational cohort study,TRUE
10.1101/2020.04.12.20059618,COVID-19 outbreak at a large homeless shelter in Boston: Implications for universal testing,FALSE
10.1101/2020.05.08.20095943,"Epidemiological, socio-demographic and clinical features of the early phase of the COVID-19 epidemic in Ecuador",FALSE
10.1101/2020.05.21.20109652,"COVID-19 receptor ACE2 is expressed in human conjunctival tissue, expecially in diseased conjunctival",FALSE
10.1101/2020.05.18.20099960,Pathophysiology of SARS-CoV-2: targeting of endothelial cells renders a complex disease with thrombotic microangiopathy and aberrant immune response. The Mount Sinai COVID-19 autopsy experience,FALSE
10.1101/2020.06.30.20142570,Phase 1/2 Study to Describe the Safety and Immunogenicity of a COVID-19 RNA Vaccine Candidate (BNT162b1) in Adults 18 to 55 Years of Age: Interim Report,TRUE
10.1101/2020.07.03.20145797,Dengue antibodies can cross-react with SARS-CoV-2 and vice versa-Antibody detection kits can give false-positive results for both viruses in regions where both COVID-19 and Dengue co-exist,FALSE
10.1101/2020.08.13.20173161,Neutralizing antibodies correlate with protection from SARS-CoV-2 in humans during a fishery vessel outbreak with high attack rate,TRUE
10.1101/2020.07.24.20149815,Systematic evaluation and external validation of 22 prognostic models among hospitalised adults with COVID-19: An observational cohort study Authors,TRUE
10.1101/2020.07.19.20157362,"On the effect of age on the transmission of SARS-CoV-2 in households, schools and the community",TRUE
10.1101/2020.08.12.20173526,Patient outcomes after hospitalisation with COVID-19 and implications for follow-up; results from a prospective UK cohort,FALSE
10.1101/2020.05.03.20089854,A systematic review and meta-analysis of published research data on COVID-19 infection-fatality rates,TRUE
10.1101/2020.05.15.20103655,Differential Effects of Intervention Timing on COVID-19 Spread in the United States,FALSE
10.1101/2020.04.13.20063669,Smoking is Associated with COVID-19 Progression: A Meta-Analysis,FALSE
10.1101/2020.05.07.20083386,"Decreased Stroke, Acute Coronary Syndrome, and Corresponding Interventions at 65 US Hospitals Following COVID-19",FALSE
10.1101/2020.06.30.20143586,Does Lockdown Decrease the Protective Role of Ultraviolet-B (UVB) Radiation in Reducing COVID-19 Deaths? Manuscript 15. June. 2020,FALSE
10.1101/2020.04.14.20065771,"A systematic review of antibody mediated immunity to coronaviruses: antibody kinetics, correlates of protection, and association of antibody responses with severity of disease",TRUE
10.1101/2020.08.03.20167791,SalivaDirect: Simple and sensitive molecular diagnostic test for SARS-CoV-2 surveillance,FALSE
10.1101/2020.04.10.20053207,"Homologous protein domains in SARS-CoV-2 and measles, mumps and rubella viruses: preliminary evidence that MMR vaccine might provide protection against COVID-19",FALSE
10.1101/2020.04.02.20047050,The QT Interval in Patients with SARS-CoV-2 Infection Treated with Hydroxychloroquine/Azithromycin,FALSE
10.1101/2020.08.14.20175190,"Bidirectional associations between COVID-19 and psychiatric disorder: a study of 62,354 COVID-19 cases",FALSE
10.1101/2020.04.11.20061473,Title: An experimental trial of recombinant human interferon alpha nasal drops to prevent coronavirus disease 2019 in medical staff in an epidemic area,FALSE
10.1101/2020.05.28.20116129,The effectiveness and perceived burden of nonpharmaceutical interventions against COVID-19 transmission: a modelling study with 41 countries,FALSE
10.1101/2020.06.18.20134858,"Practical considerations for measuring the effective reproductive number, R t",FALSE
10.1101/2020.03.24.20042291,Fundamental principles of epidemic spread highlight the immediate need for large-scale serological surveys to assess the stage of the SARS-CoV-2 epidemic,FALSE
10.1101/2020.05.30.20111393,Antibody profiling of COVID-19 patients in an urban low-incidence region in Northern Germany,TRUE
10.1101/2020.04.17.20061440,Presence of SARS-CoV-2-reactive T cells in COVID-19 patients and healthy donors,TRUE
10.1101/2020.07.07.20145979,Effectiveness of Ivermectin as add-on Therapy in COVID-19 Management (Pilot Trial),FALSE
10.1101/2020.04.10.20060699,No evidence of clinical efficacy of hydroxychloroquine in patients hospitalised for COVID-19 infection and requiring oxygen: results of a study using routinely collected data to emulate a target trial,FALSE
10.1101/2020.05.20.20108126,Susceptibility to SARS-CoV-2 infection amongst children and adolescents compared with adults: a systematic review and meta-analysis,TRUE
10.1101/2020.08.10.20171413,"High prevalence of SARS-CoV-2 antibodies in care homes affected by COVID-19; prospective cohort study, England",TRUE
10.1101/2020.06.05.20123463,UV#C%irradiation%is%highly%effective%in%inactivating%and%inhibiting%SARS#CoV#2%replication%%,FALSE
10.1101/2020.04.29.20085449,Preliminary Results of Seroprevalence of SARS-CoV-2 at Community Clinics in Tokyo,FALSE
10.1101/2020.03.03.20028423,"Epidemiology and Transmission of COVID-19 in Shenzhen China: Analysis of 391 cases and 1,286 of their close contacts",TRUE
10.1101/2020.08.23.20178236,Phylogenetic analysis of SARS-CoV-2 in the Boston area highlights the role of recurrent importation and superspreading events,FALSE
10.1101/2020.07.28.20163618,Unemployment insurance and food insecurity among people who lost employment in the wake of COVID-19,FALSE
10.1101/2020.07.01.20139857,Convalescent Plasma for COVID-19. A randomized clinical trial,FALSE
10.1101/2020.06.01.20112334,"A cohort study to evaluate the effect of combination Vitamin D, Magnesium and Vitamin B12 (DMB) on progression to severe outcome in older COVID-19 patients",TRUE
10.1101/2020.06.01.20119040,Factors associated with adherence to selfisolation and lockdown measures in the UK; a cross-sectional survey,TRUE
10.1101/2020.07.10.20150656,Diagnostic value of skin manifestation of SARS-CoV-2 infection,FALSE
10.1101/2020.04.25.20074856,Test performance evaluation of SARS-CoV-2 serological assays Author Names and Affiliations,FALSE
10.1101/2020.07.31.20166082,Evaluating the effects of SARS-CoV-2 Spike mutation D614G on transmissibility and pathogenicity,FALSE
10.1101/2020.04.04.20053058,Running head: Indoor transmission of SARS-Cov-2 Indoor transmission of SARS-CoV-2,FALSE
10.1101/2020.04.16.20060566,Delayed clearance of SARS-CoV2 in male compared to female patients: High ACE2 expression in testes suggests possible existence of gender-specific viral reservoirs,FALSE
10.1101/2020.07.09.20148429,Longitudinal evaluation and decline of antibody responses in SARS-CoV-2 infection,TRUE
10.1101/2020.06.03.20121145,"The role of children in the spread of COVID-19: Using household data from Bnei Brak, Israel, to estimate the relative susceptibility and infectivity of children",FALSE
10.1101/2020.04.05.20053355,Estimating false-negative detection rate of SARS-CoV-2 by RT-PCR,FALSE
10.1101/2020.04.01.20049478,Differential COVID-19-attributable mortality and BCG vaccine use in countries,FALSE
10.1101/2020.06.02.20120014,Article Summary Line: High nasopharyngeal viral load around the onset may contributes to secondary transmission of COVID-19,FALSE
10.1101/2020.08.10.20172189,Janus Kinase-Inhibitor and Type I Interferon Ability to Produce Favorable Clinical Outcomes in COVID-19 Patients: A Systematic Review and Meta-Analysis,FALSE
10.1101/2020.08.07.20170407,Model-based projections for COVID-19 outbreak size and student-days lost to closure in Ontario childcare centres and primary schools,FALSE
10.1101/2020.05.24.20112300,COVID-19 serology at population scale: SARS-CoV-2-specific antibody responses in saliva Authors,FALSE
10.1101/2020.03.21.20037267,Effect of SARS-CoV-2 infection upon male gonadal function: A single centerbased study,FALSE
10.1101/2020.07.02.20144832,"Exposure assessment for airborne transmission of SARS-CoV-2 via breathing, speaking, coughing and sneezing",FALSE
10.1101/2020.05.12.20099929,Tracking the COVID-19 pandemic in Australia using genomics,TRUE
10.1101/2020.05.01.20087833,Drexel Internal Data Early Evidence of Disparities in COVID-19 Testing in US Cities,FALSE
10.1101/2020.06.08.20125310,Shedding of infectious virus in hospitalized patients with coronavirus disease-2019 (COVID-19): duration and key determinants,FALSE
10.1101/2020.08.01.20166595,Implication of backward contact tracing in the presence of overdispersed transmission in COVID-19 outbreak,FALSE
10.1101/2020.07.22.20159905,D614G Spike Mutation Increases SARS CoV-2 Susceptibility to Neutralization,FALSE
10.1101/2020.07.29.20164590,Household transmission of SARS-CoV-2: a systematic review and meta-analysis of secondary attack rate,FALSE
10.1101/2020.05.13.20101022,Analysis of the time and age dependence of the case fatality ratio for COVID-19 in 7 countries with a high total to positive test ratio suggests that the true CFR may be significantly underestimated for the United States in current models,FALSE
10.1101/2020.06.15.20117747,SARS-CoV-2 titers in wastewater foreshadow dynamics and clinical presentation of new COVID-19 cases,TRUE
10.1101/2020.07.07.20148106,Novel SARS-CoV-2 specific antibody and neutralization assays reveal wide range of humoral immune response during COVID-19,FALSE
10.1101/2020.05.20.20102236,Convalescent plasma treatment of severe COVID-19: A matched control study,TRUE
10.1101/2020.04.05.20054502,Exposure to air pollution and COVID-19 mortality in the United States,TRUE
10.1101/2020.07.27.20161976,Exploratory analysis of immunization records highlights decreased SARS-CoV-2 rates in individuals with recent non-COVID-19 vaccinations,FALSE
10.1101/2020.06.06.20123414,Sex differences in immune responses to SARS-CoV-2 that underlie disease outcomes,TRUE
10.1101/2020.04.10.20060558,"Hydroxychloroquine in patients with COVID-19: an open-label, randomized, controlled trial",TRUE
10.1101/2020.06.08.20122143,Hydroxychloroquine inhibits trained immunityimplications for COVID-19,FALSE
10.1101/2020.05.28.20114041,SARS-CoV-2 in environmental samples of quarantined households,FALSE
10.1101/2020.03.30.20047365,Neutralizing antibody responses to SARS-CoV-2 in a COVID-19 recovered patient cohort and their implications,TRUE
10.1101/2020.03.25.20041475,An international comparison of the second derivative of COVID-19 deaths after implementation of social distancing measures,FALSE
10.1101/2020.04.08.20054551,"Safety of hydroxychloroquine, alone and in combination with azithromycin, in light of rapid widespread use for COVID-19: a multinational, network cohort and self-controlled case series study",FALSE
10.1101/2020.07.02.20145003,Tissue-specific tolerance in fatal Covid-19,FALSE
10.1101/2020.03.05.20030502,Virological assessment of hospitalized cases of coronavirus disease 2019,TRUE
10.1101/2020.08.07.20169920,"Wrong person, place and time: viral load and contact network structure predict SARS-CoV-2 transmission and super-spreading events",FALSE
10.1101/2020.03.30.20047217,"Physical interventions to interrupt or reduce the spread of respiratory viruses. Part 1 -Face masks, eye protection and person distancing: systematic review and meta-analysis",FALSE
10.1101/2020.06.06.20124461,ICON (Ivermectin in COvid Nineteen) study: Use of Ivermectin is Associated with Lower Mortality in Hospitalized Patients with COVID19,TRUE
10.1101/2020.03.11.20031096,Relationship between the ABO Blood Group and the COVID-19 Susceptibility,TRUE
10.1101/2020.07.23.20160895,Assessing the Age Specificity of Infection Fatality Rates for COVID-19: Meta-Analysis & Public Policy Implications,FALSE
10.1101/2020.06.03.20121442,Reduction in preterm births during the COVID-19 lockdown in Ireland: a natural experiment allowing analysis of data from the prior two decades,TRUE
10.1101/2020.03.22.20040758,Efficacy of hydroxychloroquine in patients with COVID-19: results of a randomized clinical trial,FALSE
10.1101/2020.06.18.20134353,IL-13 Predicts the Need for Mechanical Ventilation in COVID-19 Patients,FALSE
10.1101/2020.04.13.20063784,Comparative dynamic aerosol efficiencies of three emergent coronaviruses and the unusual persistence of SARS-CoV-2 in aerosol suspensions,FALSE
10.1101/2020.05.06.20092999,OpenSAFELY: factors associated with COVID-19-related hospital death in the linked electronic health records of 17 million adult NHS patients,TRUE
10.1101/2020.06.15.20132027,P R O O F Transmission of SARS-CoV-2 by inhalation of respiratory aerosol in the Skagit Valley Chorale superspreading event,TRUE
10.1101/2020.07.16.20127357,"Contact tracing during Phase I of the COVID-19 pandemic in the Province of Trento, Italy: key findings and recommenda#ons Pirous Fateh-Moghadam (1), Laura Ba s (1), Silvia Molinaro (2), Steno Fontanari (3), Gabriele Dallago (3), Nancy Binkin (4), Mariagrazia Zuccali (2) 1-Osservatorio per la salute, Dipar mento salute e poli che sociali, Provincia autonoma di Trento 2-Servizio di Igiene pubblica, Dipar mento di prevenzione, Azienda per i servizi sanitari di Trento 3-Mpa solu ons, Trento",FALSE
10.1101/2020.08.14.20174490,"Detection, prevalence, and duration of humoral responses to SARS-CoV-2 under conditions of limited population exposure",FALSE
10.1101/2020.06.12.20129056,Symptom clusters in Covid19: A potential clinical prediction tool from the COVID Symptom study app,FALSE
10.1101/2020.04.06.20050575,Pulmonary and Cardiac Pathology in Covid-19: The First Autopsy Series from New Orleans,TRUE
10.1101/2020.06.13.20129627,Sentinel surveillance of SARS-CoV-2 in wastewater anticipates the occurrence of COVID-19 cases,FALSE
10.1101/2020.04.26.20081315,"First peak of COVID-19 outbreak in Japan might pass as of April 26, 2020",FALSE
10.1101/2020.05.01.20088260,Impact of non-pharmaceutical interventions against COVID-19 in Europe: a quasi-experimental study,FALSE
10.1101/2020.06.17.20133504,Risk of SARS-CoV-2 infection from contaminated water systems,FALSE
10.1101/2020.05.31.20118554,Population-wide evolution of SARS-CoV-2 immunity tracked by a ternary immunoassay,FALSE
10.1101/2020.05.14.20101774,Hydroxychloroquine in COVID-19: A systematic review and meta-analysis,FALSE
10.1101/2020.04.16.20067728,Evidence for probable aerosol transmission of SARS-CoV-2 in a poorly ventilated restaurant,FALSE
10.1101/2020.05.22.20109231,"Association of country-wide coronavirus mortality with demographics, testing, lockdowns, and public wearing of masks",TRUE
10.1101/2020.07.20.20157149,Association of contact to small children with mild course of COVID-19,TRUE
10.1101/2020.04.11.20062018,Assessment of N95 respirator decontamination and re-use for SARS-CoV-2,TRUE
10.1101/2020.03.30.20048165,Association of BCG vaccination policy with prevalence and mortality of COVID-19,FALSE
10.1101/2020.07.02.20143826,Covid-19 Risk Among Airline Passengers: Should the Middle Seat Stay Empty?,FALSE
10.1101/2020.04.17.20069567,Assessment of Fabric Masks as Alternatives to Standard Surgical Masks in Terms of Particle Filtration Efficiency,TRUE
10.1101/2020.06.03.20121020,Regional Difference in Seroprevalence of SARS-CoV-2 in Tokyo: Results from the community point-of-care antibody testing,FALSE
10.1101/2020.04.08.20058578,The Role of Vitamin D in Suppressing Cytokine Storm in COVID-19 Patients and Associated Mortality,FALSE
10.1101/2020.06.03.20116988,Low-Dose Whole-Lung Radiation for COVID-19 Pneumonia: Planned Day-7 Interim Analysis of a Registered Clinical Trial,TRUE
10.1101/2020.04.11.20056010,Household Secondary Attack Rate of COVID-19 and Associated Determinants,FALSE
10.1101/2020.05.09.20096370,Chest Computed Tomography Findings in Asymptomatic Patients with COVID-19,TRUE
10.1101/2020.05.04.20090506,Collider bias undermines our understanding of COVID-19 disease risk and severity,FALSE
10.1101/2020.03.26.20044826,Children are unlikely to have been the primary source of household SARS-CoV-2 infections,FALSE
10.1101/2020.01.23.20018549,Novel coronavirus 2019-nCoV: early estimation of epidemiological parameters and epidemic predictions,FALSE
10.1101/2020.07.22.20160002,Remdesivir for COVID-19: match-population analysis with compassionate use of Remdesivir for severe COVID-19,FALSE
10.1101/2020.07.14.20153643,Epidemiology and transmission dynamics of COVID-19 in two Indian states,TRUE
10.1101/2020.04.17.20053157,"Suppression of COVID-19 outbreak in the municipality of Vo', Italy",FALSE
10.1101/2020.07.17.20155846,Association between consumption of vegetables and COVID-19 mortality at a country level in Europe,FALSE
10.1101/2020.03.26.20044222,Clinical characteristics of the recovered COVID-19 patients with re-detectable positive RNA test,TRUE
10.1101/2020.06.24.20138644,Strong Correlation Between Prevalence of Severe Vitamin D Deficiency and Population Mortality Rate from COVID-19 in Europe,FALSE
10.1101/2020.04.08.20058073,"Testing the association between blood type and COVID-19 infection, intubation, and death Authors",FALSE
10.1101/2020.04.15.20067074,Total COVID-19 Mortality in Italy: Excess Mortality and Age Dependence through Time-Series Analysis,FALSE
10.1101/2020.06.23.20137992,Hydroxychloroquine serum concentrations in non-critical care patients infected with SARS-CoV-2,FALSE
10.1101/2020.08.17.20176651,RNA-Based COVID-19 Vaccine BNT162b2 Selected for a Pivotal Efficacy Study,FALSE
10.1101/2020.05.08.20095471,"Treatment of COVID-19 Patients with Convalescent Plasma in Houston, Texas",FALSE
10.1101/2020.06.30.20143255,Handyfuge-LAMP: low-cost and electricity-free centrifugation for isothermal SARS-CoV-2 detection in saliva,FALSE
10.1101/2020.07.22.20160341,Effects of non-pharmaceutical interventions on COVID-19: A Tale of Two Models,FALSE
10.1101/2020.05.02.20088898,Repeated seroprevalence of anti-SARS-CoV-2 IgG antibodies in a population-based sample,TRUE
10.1101/2020.07.23.20160762,Herd immunity thresholds for SARS-CoV-2 estimated from unfolding epidemics,FALSE
10.1101/2020.07.20.20157792,"Comparison of viral levels in individuals with or without symptoms at time of COVID-19 testing among 32,480 residents and staff of nursing homes and assisted living facilities in Massachusetts",FALSE
10.1101/2020.05.21.20104521,Full genome viral sequences inform patterns of SARS-CoV-2 spread into and within Israel,TRUE
10.1101/2020.08.24.20180851,Age-specific mortality and immunity patterns of SARS-CoV-2 infection in 45 countries,TRUE
10.1101/2020.03.12.20034728,Spread of SARS-CoV-2 Coronavirus likely to be constrained by climate,FALSE
10.1101/2020.06.10.20101105,A short therapeutic regimen based on hydroxychloroquine plus azithromycin for the treatment of COVID-19 in patients with non-severe disease. A strategy associated with a reduction in hospital admissions and complications.,FALSE
10.1101/2020.02.24.20027375,Estimation of COVID-2019 burden and potential for international dissemination of infection from Iran,FALSE
10.1101/2020.07.19.20145326,High Rate of SARS-CoV-2 Transmission due to Choir Practice in France at the Beginning of the COVID-19 Pandemic,FALSE
10.1101/2020.04.23.20076042,"Features of 16,749 hospitalised UK patients with COVID-19 using the ISARIC WHO Clinical Characterisation Protocol",TRUE
10.1101/2020.05.18.20066902,Doxycycline and Hydroxychloroquine as Treatment for High-Risk COVID-19 Patients: Experience from Case Series of 54 Patients in Long-Term Care Facilities,FALSE
10.1101/2020.06.22.20137745,Face mask wearing rate predicts country's COVID-19 death rates,FALSE
10.1101/2020.07.02.20145508,Firearm Purchasing and Firearm Violence in the First Months of the Coronavirus Pandemic in the United States,FALSE
10.1101/2020.02.21.20026070,COVID-19 in Japan: What could happen in the future?,FALSE
10.1101/2020.06.26.20140814,Predicting the Trajectory of Any COVID19 Epidemic From the Best Straight Line,FALSE
10.1101/2020.07.15.20154294,The impact of host resistance on cumulative mortality and the threshold of herd immunity for SARS-CoV-2,FALSE
10.1101/2020.07.17.20140533,Concurrent human antibody and TH1 type T-cell responses elicited by a COVID-19 RNA vaccine,FALSE
10.1101/2020.06.24.20129817,Influenza Vaccination and COVID19 Mortality in the USA,FALSE
10.1101/2020.06.28.20142190,Title: Seroconversion of a city: Longitudinal monitoring of SARS-CoV-2 seroprevalence in New York City,FALSE
10.1101/2020.03.22.20041079,Social distancing strategies for curbing the COVID-19 epidemic,TRUE
10.1101/2020.04.27.20073379,Hydroxychloroquine application is associated with a decreased mortality in critically ill patients with COVID-19,FALSE
10.1101/2020.04.26.20080911,False positives in reverse transcription PCR testing for SARS-CoV-2,FALSE
10.1101/2020.04.16.20067835,Saliva is more sensitive for SARS-CoV-2 detection in COVID-19 patients than nasopharyngeal swabs,TRUE
10.1101/2020.05.04.20090944,Acute Kidney Injury in Hospitalized Patients with COVID-19,FALSE
10.1101/2020.06.24.20139634,Shut and re-open: the role of schools in the spread of COVID-19 in Europe,FALSE
10.1101/2020.04.09.20056325,Evaluation of nine commercial SARS-CoV-2 immunoassays,FALSE
10.1101/2020.04.23.20076877,"SARS-CoV-2 Detection Using an Isothermal Amplification Reaction and a Rapid, Inexpensive Protocol for Sample Inactivation and Purification",TRUE
10.1101/2020.08.03.20167395,Viable SARS-CoV-2 in the air of a hospital room with COVID-19 patients,TRUE
10.1101/2020.04.15.20067017,Heparin therapy improving hypoxia in COVID-19 patients - a case series,TRUE
10.1101/2020.06.11.20128884,Stability of SARS-CoV-2 on Critical Personal Protective Equipment,FALSE
10.1101/2020.04.14.20065276,Hydroxychloroquine Versus COVID-19: A Rapid Systematic Review and Meta-Analysis,FALSE
10.1101/2020.06.10.145144,Hydroxychloroquine Proves Ineffective in Hamsters and Macaques Infected with SARS,FALSE
10.1101/2020.05.21.109272,An insertion unique to SARS-CoV-2 exhibits superantigenic character strengthened by recent mutations,FALSE
10.1101/2020.04.19.049254,"Integrated analyses of single-cell atlases reveal age, gender, and smoking status associations with cell type-specific expression of mediators of SARS-CoV-2 viral entry and highlights inflammatory programs in putative target cells",FALSE
10.1101/2020.03.29.008631,Azithromycin and ciprofloxacin have a chloroquine-like effect on respiratory epithelial cells,FALSE
10.1101/2020.03.31.018556,Fatal toxicity of chloroquine or hydroxychloroquine with metformin in mice,FALSE
10.1101/2020.07.21.214759,Escape from neutralizing antibodies by SARS-CoV-2 spike protein variants,TRUE
10.1101/2020.06.21.162396,"Calcitriol, the active form of vitamin D, is a promising candidate for COVID-19 prophylaxis",FALSE
10.1101/2020.05.26.117069,SARS-CoV-2 genome evolution exposes early human adaptations,FALSE
10.1101/2020.05.13.092619,Convergent Antibody Responses to SARS-CoV-2 Infection in Convalescent Individuals,TRUE
10.1101/2020.05.28.118992,Shared SARS-CoV-2 diversity suggests localised transmission of minority variants,FALSE
10.1101/2020.03.25.009084,Non-neural expression of SARS-CoV-2 entry genes in the olfactory epithelium suggests mechanisms underlying anosmia in COVID-19 patients,TRUE
10.1101/2020.05.01.073262,SARS-CoV-2 is well adapted for humans. What does this mean for re-emergence?,FALSE
10.1101/2020.05.26.115832,Different pattern of pre-existing SARS-COV-2 specific T cell immunity in SARS-recovered and uninfected individuals,TRUE
10.1101/2020.05.31.126136,A distinct phylogenetic cluster of Indian SARS-CoV-2 isolates,TRUE
10.1101/2020.06.03.132134,Detection dogs as a help in the detection of COVID-19 Can the dog alert on COVID-19 positive persons by sniffing axillary sweat samples ? Proof-of-concept study,TRUE
10.1101/2020.08.30.274464,"SARS-CoV-2 infects human pluripotent stem cell-derived cardiomyocytes, impairing electrical and mechanical function",FALSE
10.1101/2020.06.23.166397,"Scalable, rapid and highly sensitive isothermal detection of SARS-CoV-2 for laboratory and home testing",FALSE
10.1101/2020.05.26.115923,T-cell hyperactivation and paralysis in severe COVID-19 infection revealed by single-cell analysis,TRUE
10.1101/2020.08.08.238469,An ultra-high affinity synthetic nanobody blocks SARS-CoV-2 infection by locking Spike into an inactive conformation,FALSE
10.1101/2020.06.14.151357,The D614G mutation in SARS-CoV-2 Spike increases transduction of multiple human cell types,FALSE
10.1101/2020.03.20.001008,RT-qPCR DETECTION OF SARS-CoV-2 RNA FROM PATIENT NASOPHARYNGEAL SWAB USING QIAGEN RNEASY KITS OR DIRECTLY VIA OMISSION OF AN RNA EXTRACTION STEP,TRUE
10.1101/2020.08.13.249847,Open Science Saves Lives: Lessons from the COVID-19 Pandemic,FALSE
10.1101/2020.04.06.025635,LAMP-Seq: Population-Scale COVID-19 Diagnostics Using a Compressed Barcode Space,FALSE
10.1101/2020.04.28.066761,Heparin inhibits cellular invasion by SARS-CoV-2: structural dependence of the interaction of the surface protein (spike) S1 receptor binding domain with heparin,FALSE
10.1101/2020.04.17.046375,Rapid development of an inactivated vaccine for SARS-CoV-2,TRUE
10.1101/2020.06.20.159715,Evaluation of the immunogenicity of prime-boost vaccination with the replication-deficient viral vectored COVID-19 vaccine candidate ChAdOx1 nCoV-19,TRUE
10.1101/2020.06.18.159434,Saliva-Based Molecular Testing for SARS-CoV-2 that Bypasses RNA Extraction,FALSE
10.1101/2020.07.03.186296,The major genetic risk factor for severe COVID-19 is inherited from Neandertals,FALSE
10.1101/2020.06.14.150490,The serotonin reuptake inhibitor Fluoxetine inhibits SARS-CoV-2,FALSE
10.1101/2020.06.11.145920,SARS-CoV-2 mRNA Vaccine Development Enabled by Prototype Pathogen Preparedness,TRUE
10.1101/2020.07.21.214346,Evidence of exposure to SARS-CoV-2 in cats and dogs from households in Italy,FALSE
10.1101/2020.08.21.262329,Impaired cytotoxic CD8+ T cell response in elderly COVID-19 patients,TRUE
10.1101/2020.04.24.059576,Introductions and early spread of SARS-CoV-2 in France,FALSE
10.1101/2020.05.28.121640,Single-dose replicating RNA vaccine induces neutralizing antibodies against SARS-CoV-2 in nonhuman primates,FALSE
10.1101/2020.08.17.255166,Seeding of outbreaks of COVID-19 by contaminated fresh and frozen food,FALSE
10.1101/2020.04.28.066977,"Controlling the SARS-CoV-2 outbreak, insights from large scale whole genome sequences generated across the world",FALSE
10.1101/2020.05.06.081695,Single-cell longitudinal analysis of SARS-CoV-2 infection in human bronchial epithelial cells,FALSE
10.1101/2020.06.12.148726,The D614G mutation in the SARS-CoV-2 spike protein reduces S1 shedding and increases infectivity,FALSE
10.1101/2020.05.24.111823,The ORF8 Protein of SARS-CoV-2 Mediates Immune Evasion through Potently Downregulating MHC-I,FALSE
10.1101/2020.04.11.036855,Evaluation of heating and chemical protocols for inactivating SARS-CoV-2,FALSE
10.1101/2020.08.25.265561,SARS-CoV-2 infection of human iPSC-derived cardiac cells predicts novel cytopathic features in hearts of COVID-19 patients,FALSE
10.1101/2020.03.13.990226,Reinfection could not occur in SARS-CoV-2 infected rhesus macaques,FALSE
10.1101/2020.06.25.172403,Virus-Receptor Interactions of Glycosylated SARS-CoV-2 Spike and Human ACE2 Receptor,FALSE
10.1101/2020.05.12.091082,Androgen Regulates SARS-CoV-2 Receptor Levels and Is Associated with Severe COVID-19 Symptoms in Men,FALSE
10.1101/2020.03.08.982637,Aerodynamic Characteristics and RNA Concentration of SARS-CoV-2 Aerosol in Wuhan Hospitals during COVID-19 Outbreak,TRUE
10.1101/2020.06.25.169946,Neuroinvasive potential of SARS-CoV-2 revealed in a human brain organoid model,FALSE
10.1101/2020.04.09.034942,Analysis of the mutation dynamics of SARS-CoV-2 reveals the spread history and emergence of RBD mutant with lower ACE2 binding affinity,FALSE
10.1101/2020.06.07.137802,Neuropilin-1 facilitates SARS-CoV-2 cell entry and provides a possible pathway into the central nervous system,FALSE
10.1101/2020.04.29.069054,Spike mutation pipeline reveals the emergence of a more transmissible form of SARS-CoV-2,FALSE
10.1101/2020.05.18.101493,"SARS-CoV2 infection in farmed mink, Netherlands, April 2020",TRUE
10.1101/2020.07.25.220806,The neuropeptides VIP and PACAP inhibit SARS-CoV-2 replication in monocytes and lung epithelial cells and decrease the production of proinflammatory cytokines in infected cells,FALSE
10.1101/2020.05.06.081497,A mouse-adapted SARS-CoV-2 model for the evaluation of COVID-19 medical countermeasures,TRUE
10.1101/2020.05.28.122366,"Evidence of significant natural selection in the evolution of SARS-CoV-2 in bats, not humans",FALSE
10.1101/2020.08.14.250258,Inhibition of Severe Acute Respiratory Syndrome Coronavirus 2 main protease by tafenoquine in vitro,FALSE
10.1101/2020.06.23.167064,SARS-CoV-2 structure and replication characterized by in situ cryo-electron tomography,FALSE
10.1101/2020.05.07.077016,The SARS-CoV-2-like virus found in captive pangolins from Guangdong should be better sequenced,TRUE
10.1101/2020.05.13.093195,ChAdOx1 nCoV-19 vaccination prevents SARS-CoV-2 pneumonia in rhesus macaques,TRUE
10.1101/2020.07.13.190140,Anti-SARS-CoV-2 IgG from severely ill COVID-19 patients promotes macrophage hyper-inflammatory responses,FALSE
10.1101/2020.03.21.001586,Comparative analyses of SAR-CoV2 genomes from different geographical locations and other coronavirus family genomes reveals unique features potentially consequential to host-virus interaction and pathogenesis,TRUE
10.1101/2020.05.19.097410,The impact of super-spreaders in COVID-19: mapping genome variation worldwide,TRUE
10.1101/2020.07.28.225649,Intradermal-delivered DNA vaccine provides anamnestic protection in a rhesus macaque SARS-CoV-2 challenge model,FALSE
10.1101/2020.06.26.173476,In situ structural analysis of SARS-CoV-2 spike reveals flexibility mediated by three hinges,TRUE
10.1101/2020.05.21.108506,No evidence for increased transmissibility from recurrent mutations in SARS-CoV-2,FALSE
10.1101/2020.08.24.265090,Induction of SARS-CoV-2 protein S-specific CD8+ T cells in the lungs of gp96-Ig-S vaccinated mice,FALSE
10.1101/2020.06.19.158717,No evidence of coronaviruses or other potentially zoonotic viruses in Sunda pangolins (Manis javanica) entering the wildlife trade via Malaysia,FALSE
10.1101/2020.04.23.056309,SARS-CoV-2 Isolation and Propagation from Turkish COVID-19 patients,TRUE
10.1101/2020.05.21.109322,The emergence of SARS-CoV-2 in Europe and the US,TRUE
10.1101/2020.06.11.146522,Shielding and Beyond: The Roles of Glycans in SARS-CoV-2 Spike Protein,TRUE
10.1101/2020.06.05.098590,"Coronavirus testing indicates transmission risk increases along wildlife supply chains for human consumption in Viet Nam, 2013-2014",TRUE
10.1101/2020.05.20.106401,Deep immune profiling of COVID-19 patients reveals patient heterogeneity and distinct immunotypes with implications for therapeutic interventions,TRUE
10.1101/2020.05.11.088179,SARS-CoV-2 ORF3b is a potent interferon antagonist whose activity is further increased by a naturally occurring elongation variant,TRUE
10.1101/2020.07.15.203489,Prophylactic and Therapeutic Inhibition of In Vitro SARS-CoV-2 Replication by Oleandrin,FALSE
10.1101/2020.05.22.111294,Preprinting a pandemic: the role of preprints in the COVID-19 pandemic,FALSE
10.1101/2020.04.09.034967,Comparative ACE2 variation and primate COVID-19 risk,TRUE
10.1101/2020.03.21.990770,Potent human neutralizing antibodies elicited by SARS-CoV-2 infection,TRUE
10.1101/2020.05.13.092478,Novel ACE2-Independent Carbohydrate-Binding of SARS-CoV-2 Spike Protein to Host Lectins and Lung Microbiota,FALSE
10.1101/2020.04.15.043166,Clinical benefit of remdesivir in rhesus macaques infected with SARS-CoV-2,TRUE
10.1101/2020.04.01.021196,SARS-CoV-2 neutralizing serum antibodies in cats: a serological investigation,FALSE
10.1101/2020.08.24.264077,An hACE2 peptide mimic blocks SARS-CoV-2 Pulmonary Cell Infection,FALSE
10.1101/2020.01.25.919787,Transmission dynamics of 2019 novel coronavirus (2019-nCoV),TRUE
10.1101/2020.03.14.988345,SARS-CoV-2 invades host cells via a novel route: CD147-spike protein,FALSE
10.1101/2020.06.05.134114,Neuropilin-1 is a host factor for SARS-CoV-2 infection,FALSE
10.1101/2020.06.27.175430,Citizen Scientists Create an Exascale Computer to Combat COVID-19,FALSE
10.1101/2020.04.27.064774,A SARS-CoV-2 vaccine candidate would likely match all currently circulating strains,TRUE
10.1101/2020.06.22.164665,Chloroquine and hydroxychloroquine as ACE2 blockers to inhibit viropexis of COVID-19 Spike pseudotype virus,TRUE
10.1101/2020.04.10.036418,The SARS-CoV-2 receptor-binding domain elicits a potent neutralizing response without antibody-dependent enhancement,FALSE
10.1101/2020.08.02.233320,REGN-COV2 antibody cocktail prevents and treats SARS-CoV-2 infection in rhesus macaques and hamsters,TRUE
10.1101/2020.03.19.997890,"An orally bioavailable broad-spectrum antiviral inhibits SARS-CoV-2 and multiple endemic, epidemic and bat coronavirus",TRUE
10.1101/2020.02.17.951335,Isolation and Characterization of 2019-nCoV-like Coronavirus from Malayan Pangolins,TRUE
10.1101/2020.05.11.088724,"A Rapid, Cost-Effective Tailed Amplicon Method for Sequencing SARS-CoV-2",FALSE
